,precision,recall,f1-score,support
0,0.8578643578643579,0.8774907749077491,0.8675665815395841,1355.0
1,0.9085399449035813,0.8932827735644637,0.9008467631794591,1846.0
accuracy,,,0.8865979381443299,
macro avg,0.8832021513839696,0.8853867742361063,0.8842066723595217,3201.0
weighted avg,0.887088704529277,0.8865979381443299,0.8867590886646105,3201.0
