{
  "accuracy": 0.8840987191502655,
  "report": {
    "0": {
      "precision": 0.8402489626556017,
      "recall": 0.8966789667896679,
      "f1-score": 0.867547304534095,
      "support": 1355.0
    },
    "1": {
      "precision": 0.9202279202279202,
      "recall": 0.8748645720476707,
      "f1-score": 0.896973063038045,
      "support": 1846.0
    },
    "accuracy": 0.8840987191502655,
    "macro avg": {
      "precision": 0.880238441441761,
      "recall": 0.8857717694186693,
      "f1-score": 0.88226018378607,
      "support": 3201.0
    },
    "weighted avg": {
      "precision": 0.8863724102277666,
      "recall": 0.8840987191502655,
      "f1-score": 0.8845169859456201,
      "support": 3201.0
    }
  }
}