{
  "accuracy": 0.8865979381443299,
  "report": {
    "0": {
      "precision": 0.8578643578643579,
      "recall": 0.8774907749077491,
      "f1-score": 0.8675665815395841,
      "support": 1355.0
    },
    "1": {
      "precision": 0.9085399449035813,
      "recall": 0.8932827735644637,
      "f1-score": 0.9008467631794591,
      "support": 1846.0
    },
    "accuracy": 0.8865979381443299,
    "macro avg": {
      "precision": 0.8832021513839696,
      "recall": 0.8853867742361063,
      "f1-score": 0.8842066723595217,
      "support": 3201.0
    },
    "weighted avg": {
      "precision": 0.887088704529277,
      "recall": 0.8865979381443299,
      "f1-score": 0.8867590886646105,
      "support": 3201.0
    }
  }
}