,precision,recall,f1-score,support
0,0.8402489626556017,0.8966789667896679,0.867547304534095,1355.0
1,0.9202279202279202,0.8748645720476707,0.896973063038045,1846.0
accuracy,,,0.8840987191502655,
macro avg,0.880238441441761,0.8857717694186693,0.88226018378607,3201.0
weighted avg,0.8863724102277666,0.8840987191502655,0.8845169859456201,3201.0
